Guillaume CARRIERE | guillaume.carriere | guillaume.carriere@epita.fr
Romain GREGOIRE | romain.gregoire | romain.gregoire@epita.fr
Alex POIRON | alex.poiron | alex.poiron@epita.fr
Tom THIL | tom.thil | tom.thil@epita.fr
